<ImportExportXml version="9.2.23044.234" SolutionPackageVersion="9.2" languagecode="1033" generatedBy="CrmLive" xmlns:xsi="http://www.w3.org/2001/XMLSchema-instance">
  <SolutionManifest>
    <UniqueName>EventRequest</UniqueName>
    <LocalizedNames>
      <LocalizedName description="Event Request" languagecode="1033" />
    </LocalizedNames>
    <Descriptions />
    <Version>1.0.0.1</Version>
    <Managed>0</Managed>
    <Publisher>
      <UniqueName>PW</UniqueName>
      <LocalizedNames>
        <LocalizedName description="Pragmatic Works" languagecode="1033" />
      </LocalizedNames>
      <Descriptions>
        <Description description="Pragmatic Works Training" languagecode="1033" />
      </Descriptions>
      <EMailAddress>support@pragmaticworks.com</EMailAddress>
      <SupportingWebsiteUrl>https://www.pragmaticworks.com</SupportingWebsiteUrl>
      <CustomizationPrefix>pw</CustomizationPrefix>
      <CustomizationOptionValuePrefix>12567</CustomizationOptionValuePrefix>
      <Addresses>
        <Address>
          <AddressNumber>1</AddressNumber>
          <AddressTypeCode>1</AddressTypeCode>
          <City>Fleming Island</City>
          <County xsi:nil="true"></County>
          <Country>United States</Country>
          <Fax xsi:nil="true"></Fax>
          <FreightTermsCode xsi:nil="true"></FreightTermsCode>
          <ImportSequenceNumber xsi:nil="true"></ImportSequenceNumber>
          <Latitude xsi:nil="true"></Latitude>
          <Line1>7175 US 17</Line1>
          <Line2>St 2</Line2>
          <Line3 xsi:nil="true"></Line3>
          <Longitude xsi:nil="true"></Longitude>
          <Name xsi:nil="true"></Name>
          <PostalCode>32003</PostalCode>
          <PostOfficeBox xsi:nil="true"></PostOfficeBox>
          <PrimaryContactName xsi:nil="true"></PrimaryContactName>
          <ShippingMethodCode>1</ShippingMethodCode>
          <StateOrProvince>FL</StateOrProvince>
          <Telephone1>(904) 638-5743</Telephone1>
          <Telephone2 xsi:nil="true"></Telephone2>
          <Telephone3 xsi:nil="true"></Telephone3>
          <TimeZoneRuleVersionNumber xsi:nil="true"></TimeZoneRuleVersionNumber>
          <UPSZone xsi:nil="true"></UPSZone>
          <UTCOffset xsi:nil="true"></UTCOffset>
          <UTCConversionTimeZoneCode xsi:nil="true"></UTCConversionTimeZoneCode>
        </Address>
        <Address>
          <AddressNumber>2</AddressNumber>
          <AddressTypeCode>1</AddressTypeCode>
          <City xsi:nil="true"></City>
          <County xsi:nil="true"></County>
          <Country xsi:nil="true"></Country>
          <Fax xsi:nil="true"></Fax>
          <FreightTermsCode xsi:nil="true"></FreightTermsCode>
          <ImportSequenceNumber xsi:nil="true"></ImportSequenceNumber>
          <Latitude xsi:nil="true"></Latitude>
          <Line1 xsi:nil="true"></Line1>
          <Line2 xsi:nil="true"></Line2>
          <Line3 xsi:nil="true"></Line3>
          <Longitude xsi:nil="true"></Longitude>
          <Name xsi:nil="true"></Name>
          <PostalCode xsi:nil="true"></PostalCode>
          <PostOfficeBox xsi:nil="true"></PostOfficeBox>
          <PrimaryContactName xsi:nil="true"></PrimaryContactName>
          <ShippingMethodCode>1</ShippingMethodCode>
          <StateOrProvince xsi:nil="true"></StateOrProvince>
          <Telephone1 xsi:nil="true"></Telephone1>
          <Telephone2 xsi:nil="true"></Telephone2>
          <Telephone3 xsi:nil="true"></Telephone3>
          <TimeZoneRuleVersionNumber xsi:nil="true"></TimeZoneRuleVersionNumber>
          <UPSZone xsi:nil="true"></UPSZone>
          <UTCOffset xsi:nil="true"></UTCOffset>
          <UTCConversionTimeZoneCode xsi:nil="true"></UTCConversionTimeZoneCode>
        </Address>
      </Addresses>
    </Publisher>
    <RootComponents>
      <RootComponent type="1" schemaName="account" behavior="1" />
      <RootComponent type="1" schemaName="contact" behavior="1" />
      <RootComponent type="1" schemaName="pw_eventexpense" behavior="0" />
      <RootComponent type="1" schemaName="pw_eventotherparticipant" behavior="0" />
      <RootComponent type="1" schemaName="pw_eventrequest" behavior="0" />
      <RootComponent type="1" schemaName="pw_eventstaffparticipant" behavior="0" />
      <RootComponent type="1" schemaName="pw_eventstudentparticipant" behavior="0" />
      <RootComponent type="9" schemaName="pw_eventapprovalstatuschoicelist" behavior="0" />
      <RootComponent type="29" id="{23e95398-fefe-ed11-8f6e-00224829bd73}" behavior="0" />
      <RootComponent type="62" schemaName="pw_EventRequestMDA" behavior="0" />
      <RootComponent type="80" schemaName="pw_EventRequestMDA" behavior="0" />
      <RootComponent type="300" schemaName="pw_eventrequestapp_b3d49" behavior="0" />
    </RootComponents>
    <MissingDependencies>
      <MissingDependency>
        <Required type="300" schemaName="pw_pragmaticworksuicomponents_96f71" displayName="Pragmatic Works UI Components" solution="Active" />
        <Dependent type="300" schemaName="pw_eventrequestapp_b3d49" displayName="Event Request App" />
      </MissingDependency>
      <MissingDependency>
        <Required type="61" schemaName="msdyn_/Images/AppModule_Default_Icon.png" displayName="msdyn_/Images/AppModule_Default_Icon.png" solution="AppModuleWebResources (2.5)" />
        <Dependent type="80" schemaName="pw_EventRequestMDA" displayName="Event Request MDA" />
      </MissingDependency>
    </MissingDependencies>
  </SolutionManifest>
</ImportExportXml>