{
  "properties": {
    "connectionReferences": {
      "shared_commondataserviceforapps": {
        "runtimeSource": "embedded",
        "connection": {
          "connectionReferenceLogicalName": "pw_sharedcommondataserviceforapps_79443"
        },
        "api": {
          "name": "shared_commondataserviceforapps"
        }
      },
      "shared_office365users": {
        "runtimeSource": "embedded",
        "connection": {
          "connectionReferenceLogicalName": "pw_sharedoffice365users_83603"
        },
        "api": {
          "name": "shared_office365users"
        }
      },
      "shared_approvals": {
        "runtimeSource": "embedded",
        "connection": {
          "connectionReferenceLogicalName": "pw_sharedapprovals_0fca3"
        },
        "api": {
          "name": "shared_approvals"
        }
      },
      "shared_office365": {
        "runtimeSource": "embedded",
        "connection": {
          "connectionReferenceLogicalName": "pw_sharedoffice365_1862b"
        },
        "api": {
          "name": "shared_office365"
        }
      }
    },
    "definition": {
      "$schema": "https://schema.management.azure.com/providers/Microsoft.Logic/schemas/2016-06-01/workflowdefinition.json#",
      "contentVersion": "1.0.0.0",
      "parameters": {
        "$connections": {
          "defaultValue": {},
          "type": "Object"
        },
        "$authentication": {
          "defaultValue": {},
          "type": "SecureObject"
        }
      },
      "triggers": {
        "When_a_row_is_added,_modified_or_deleted_-_New_Event_Request_Submitted": {
          "metadata": {
            "operationMetadataId": "f2900a80-fc83-4847-887b-fcb23f497753"
          },
          "type": "OpenApiConnectionWebhook",
          "inputs": {
            "host": {
              "connectionName": "shared_commondataserviceforapps",
              "operationId": "SubscribeWebhookTrigger",
              "apiId": "/providers/Microsoft.PowerApps/apis/shared_commondataserviceforapps"
            },
            "parameters": {
              "subscriptionRequest/message": 1,
              "subscriptionRequest/entityname": "pw_eventrequest",
              "subscriptionRequest/scope": 4
            },
            "authentication": "@parameters('$authentication')"
          }
        }
      },
      "actions": {
        "Get_a_row_by_ID_-_Return_Contact_Record_of_Event_Requestor": {
          "runAfter": {},
          "metadata": {
            "operationMetadataId": "22a6260e-51ab-47b1-8a2a-51f0bed5a49d"
          },
          "type": "OpenApiConnection",
          "inputs": {
            "host": {
              "connectionName": "shared_commondataserviceforapps",
              "operationId": "GetItem",
              "apiId": "/providers/Microsoft.PowerApps/apis/shared_commondataserviceforapps"
            },
            "parameters": {
              "entityName": "contacts",
              "recordId": "@triggerOutputs()?['body/_pw_requestorcontact_value']"
            },
            "authentication": "@parameters('$authentication')"
          }
        },
        "Get_manager_(V2)": {
          "runAfter": {
            "Get_a_row_by_ID_-_Return_Contact_Record_of_Event_Requestor": [
              "Succeeded"
            ]
          },
          "metadata": {
            "operationMetadataId": "fce37986-ce64-4247-a8ae-25bfe40c715f"
          },
          "type": "OpenApiConnection",
          "inputs": {
            "host": {
              "connectionName": "shared_office365users",
              "operationId": "Manager_V2",
              "apiId": "/providers/Microsoft.PowerApps/apis/shared_office365users"
            },
            "parameters": {
              "id": "@outputs('Get_a_row_by_ID_-_Return_Contact_Record_of_Event_Requestor')?['body/emailaddress1']"
            },
            "authentication": "@parameters('$authentication')"
          }
        },
        "Condition_-_Check_If_Regional_Approval_Needed": {
          "actions": {
            "Scope_-_Two_Approvals_Needed_": {
              "actions": {
                "Condition_-_Check_Approval_Outcome_2": {
                  "actions": {
                    "Start_and_wait_for_an_approval_-_Regional_Approval": {
                      "runAfter": {},
                      "metadata": {
                        "operationMetadataId": "f98e75eb-953f-4f3c-be61-f7fcb45e47f4"
                      },
                      "type": "OpenApiConnectionWebhook",
                      "inputs": {
                        "host": {
                          "connectionName": "shared_approvals",
                          "operationId": "StartAndWaitForAnApproval",
                          "apiId": "/providers/Microsoft.PowerApps/apis/shared_approvals"
                        },
                        "parameters": {
                          "approvalType": "Basic",
                          "WebhookApprovalCreationInput/title": "  A New Event Request Needs Your Attention",
                          "WebhookApprovalCreationInput/assignedTo": "@{outputs('Get_a_row_by_ID_-_Return_Regional_Contact_Record_')?['body/emailaddress1']};",
                          "WebhookApprovalCreationInput/details": "A new event has been requested for approval from @{outputs('Get_a_row_by_ID_-_Return_Contact_Record_of_Event_Requestor')?['body/firstname']} @{outputs('Get_a_row_by_ID_-_Return_Contact_Record_of_Event_Requestor')?['body/lastname']}.\n\nThis event has already been approved by @{outputs('Get_manager_(V2)')?['body/displayName']}, but needs your final approval.\n\nHere are some details of the event request.\n\nEvent: @{triggerOutputs()?['body/pw_event']}\n\nEvent Description: @{triggerOutputs()?['body/pw_eventdescription']}\n\nProposed Start Date and Time: @{formatDateTime(parseDateTime(triggerOutputs()?['body/pw_proposedstartdateandtime']), 'MMMM d, yyyy h:mm tt', 'en-US')}\n\nProposed End Date and Time: @{formatDateTime(parseDateTime(triggerOutputs()?['body/pw_proposedenddateandtime']), 'MMMM d, yyyy h:mm tt', 'en-US')}",
                          "WebhookApprovalCreationInput/requestor": "@{outputs('Get_a_row_by_ID_-_Return_Contact_Record_of_Event_Requestor')?['body/emailaddress1']};",
                          "WebhookApprovalCreationInput/enableNotifications": true,
                          "WebhookApprovalCreationInput/enableReassignment": true
                        },
                        "authentication": "@parameters('$authentication')"
                      }
                    },
                    "Condition_-_Check_Regional_Approval_Outcome": {
                      "actions": {
                        "Apply_to_each_3": {
                          "foreach": "@outputs('Start_and_wait_for_initial_approval')?['body/responses']",
                          "actions": {
                            "Apply_to_each_5": {
                              "foreach": "@outputs('Start_and_wait_for_an_approval_-_Regional_Approval')?['body/responses']",
                              "actions": {
                                "Update_a_row": {
                                  "runAfter": {},
                                  "metadata": {
                                    "operationMetadataId": "24048340-3c15-4458-9254-f9bfb8a0932f"
                                  },
                                  "type": "OpenApiConnection",
                                  "inputs": {
                                    "host": {
                                      "connectionName": "shared_commondataserviceforapps",
                                      "operationId": "UpdateRecord",
                                      "apiId": "/providers/Microsoft.PowerApps/apis/shared_commondataserviceforapps"
                                    },
                                    "parameters": {
                                      "entityName": "pw_eventrequests",
                                      "recordId": "@triggerOutputs()?['body/pw_eventrequestid']",
                                      "item/pw_approvalcomments": "@items('Apply_to_each_3')?['comments']",
                                      "item/pw_approvaldate": "@outputs('Start_and_wait_for_initial_approval')?['body/completionDate']",
                                      "item/pw_eventstatus": 125670002,
                                      "item/pw_regionalapprovalcomments": "@items('Apply_to_each_5')?['comments']",
                                      "item/pw_regionalapprovaldate": "@outputs('Start_and_wait_for_an_approval_-_Regional_Approval')?['body/completionDate']"
                                    },
                                    "authentication": "@parameters('$authentication')"
                                  }
                                },
                                "Send_an_email_(V2)_-_Approval_Email_Notification_Two_Stage": {
                                  "runAfter": {
                                    "Update_a_row": [
                                      "Succeeded"
                                    ]
                                  },
                                  "metadata": {
                                    "operationMetadataId": "c494c942-8250-4259-8def-13166d230ced"
                                  },
                                  "type": "OpenApiConnection",
                                  "inputs": {
                                    "host": {
                                      "connectionName": "shared_office365",
                                      "operationId": "SendEmailV2",
                                      "apiId": "/providers/Microsoft.PowerApps/apis/shared_office365"
                                    },
                                    "parameters": {
                                      "emailMessage/To": "@outputs('Get_a_row_by_ID_-_Return_Contact_Record_of_Event_Requestor')?['body/emailaddress1']",
                                      "emailMessage/Subject": "Your Event Was Approved",
                                      "emailMessage/Body": "<p>Dear @{outputs('Get_a_row_by_ID_-_Return_Contact_Record_of_Event_Requestor')?['body/firstname']} @{outputs('Get_a_row_by_ID_-_Return_Contact_Record_of_Event_Requestor')?['body/lastname']},<br>\n<br>\nBoth @{items('Apply_to_each_3')?['responder/displayName']} and @{items('Apply_to_each_5')?['responder/displayName']} has approved your event for @{triggerOutputs()?['body/pw_event']}.</p>",
                                      "emailMessage/Importance": "Normal"
                                    },
                                    "authentication": "@parameters('$authentication')"
                                  }
                                }
                              },
                              "runAfter": {},
                              "metadata": {
                                "operationMetadataId": "a304a4ca-5d1c-4a74-988e-a6fb46a7d514"
                              },
                              "type": "Foreach"
                            }
                          },
                          "runAfter": {},
                          "metadata": {
                            "operationMetadataId": "f60d9c80-da70-4a6f-85c3-542f3a3be721"
                          },
                          "type": "Foreach"
                        }
                      },
                      "runAfter": {
                        "Start_and_wait_for_an_approval_-_Regional_Approval": [
                          "Succeeded"
                        ]
                      },
                      "else": {
                        "actions": {
                          "Apply_to_each_6": {
                            "foreach": "@outputs('Start_and_wait_for_initial_approval')?['body/responses']",
                            "actions": {
                              "Apply_to_each_7": {
                                "foreach": "@outputs('Start_and_wait_for_an_approval_-_Regional_Approval')?['body/responses']",
                                "actions": {
                                  "Update_a_row_-_Event_status_rejected_after_regional_approval": {
                                    "runAfter": {},
                                    "metadata": {
                                      "operationMetadataId": "9f3bd5d6-6a33-402a-9f3f-0e1b5228e9ca"
                                    },
                                    "type": "OpenApiConnection",
                                    "inputs": {
                                      "host": {
                                        "connectionName": "shared_commondataserviceforapps",
                                        "operationId": "UpdateRecord",
                                        "apiId": "/providers/Microsoft.PowerApps/apis/shared_commondataserviceforapps"
                                      },
                                      "parameters": {
                                        "entityName": "pw_eventrequests",
                                        "recordId": "@triggerOutputs()?['body/pw_eventrequestid']",
                                        "item/pw_approvalcomments": "@items('Apply_to_each_6')?['comments']",
                                        "item/pw_approvaldate": "@outputs('Start_and_wait_for_initial_approval')?['body/completionDate']",
                                        "item/pw_eventstatus": 125670003,
                                        "item/pw_regionalapprovalcomments": "@items('Apply_to_each_7')?['comments']",
                                        "item/pw_regionalapprovaldate": "@outputs('Start_and_wait_for_an_approval_-_Regional_Approval')?['body/completionDate']"
                                      },
                                      "authentication": "@parameters('$authentication')"
                                    }
                                  },
                                  "Send_an_email_(V2)_-_Rejection_Email_Notification_Two_Stage": {
                                    "runAfter": {
                                      "Update_a_row_-_Event_status_rejected_after_regional_approval": [
                                        "Succeeded"
                                      ]
                                    },
                                    "metadata": {
                                      "operationMetadataId": "35529f06-8556-4980-939e-cc59aee8038b"
                                    },
                                    "type": "OpenApiConnection",
                                    "inputs": {
                                      "host": {
                                        "connectionName": "shared_office365",
                                        "operationId": "SendEmailV2",
                                        "apiId": "/providers/Microsoft.PowerApps/apis/shared_office365"
                                      },
                                      "parameters": {
                                        "emailMessage/To": "@outputs('Get_a_row_by_ID_-_Return_Contact_Record_of_Event_Requestor')?['body/emailaddress1']",
                                        "emailMessage/Subject": "Your Event Was Rejected",
                                        "emailMessage/Body": "<p>Dear @{outputs('Get_a_row_by_ID_-_Return_Contact_Record_of_Event_Requestor')?['body/firstname']} @{outputs('Get_a_row_by_ID_-_Return_Contact_Record_of_Event_Requestor')?['body/lastname']},<br>\n<br>\nYour initial approval was approved by @{items('Apply_to_each_6')?['responder/displayName']}, but was rejected by @{items('Apply_to_each_7')?['responder/displayName']} for your event @{triggerOutputs()?['body/pw_event']}</p>",
                                        "emailMessage/Importance": "Normal"
                                      },
                                      "authentication": "@parameters('$authentication')"
                                    }
                                  }
                                },
                                "runAfter": {},
                                "metadata": {
                                  "operationMetadataId": "b63db32b-4d31-4940-a7a6-424e57a26c1a"
                                },
                                "type": "Foreach"
                              }
                            },
                            "runAfter": {},
                            "metadata": {
                              "operationMetadataId": "35c7f471-456f-408f-9a7d-6cf56752468b"
                            },
                            "type": "Foreach"
                          }
                        }
                      },
                      "expression": {
                        "equals": [
                          "@outputs('Start_and_wait_for_an_approval_-_Regional_Approval')?['body/outcome']",
                          "Approve"
                        ]
                      },
                      "metadata": {
                        "operationMetadataId": "89b90290-c4ad-48bd-b46b-41852b607c72"
                      },
                      "type": "If"
                    }
                  },
                  "runAfter": {
                    "Start_and_wait_for_initial_approval": [
                      "Succeeded"
                    ]
                  },
                  "else": {
                    "actions": {
                      "Apply_to_each_-_apply_to_each_rejected_record_2": {
                        "foreach": "@outputs('Start_and_wait_for_initial_approval')?['body/responses']",
                        "actions": {
                          "Update_a_row_-_Update_Event_Status_To_Rejected_2": {
                            "runAfter": {},
                            "metadata": {
                              "operationMetadataId": "b3da8bcd-d121-45b2-86aa-bb6818fd0175"
                            },
                            "type": "OpenApiConnection",
                            "inputs": {
                              "host": {
                                "connectionName": "shared_commondataserviceforapps",
                                "operationId": "UpdateRecord",
                                "apiId": "/providers/Microsoft.PowerApps/apis/shared_commondataserviceforapps"
                              },
                              "parameters": {
                                "entityName": "pw_eventrequests",
                                "recordId": "@triggerOutputs()?['body/pw_eventrequestid']",
                                "item/pw_approvalcomments": "@items('Apply_to_each_-_apply_to_each_rejected_record_2')?['comments']",
                                "item/pw_approvaldate": "@outputs('Start_and_wait_for_initial_approval')?['body/completionDate']",
                                "item/pw_eventstatus": 125670003
                              },
                              "authentication": "@parameters('$authentication')"
                            }
                          }
                        },
                        "runAfter": {},
                        "metadata": {
                          "operationMetadataId": "568c8e6a-33d6-473d-b9a9-0404962a66af"
                        },
                        "type": "Foreach"
                      },
                      "Apply_to_each_4": {
                        "foreach": "@outputs('Start_and_wait_for_initial_approval')?['body/responses']",
                        "actions": {
                          "Send_an_email_(V2)_-_Initial_approval_no": {
                            "runAfter": {},
                            "metadata": {
                              "operationMetadataId": "c4a95230-843b-4bc9-aed1-407cbbec0d85"
                            },
                            "type": "OpenApiConnection",
                            "inputs": {
                              "host": {
                                "connectionName": "shared_office365",
                                "operationId": "SendEmailV2",
                                "apiId": "/providers/Microsoft.PowerApps/apis/shared_office365"
                              },
                              "parameters": {
                                "emailMessage/To": "mpeterson@pragmaticworks.com",
                                "emailMessage/Subject": "Your Event Was Rejected",
                                "emailMessage/Body": "<p>Dear @{outputs('Get_a_row_by_ID_-_Return_Contact_Record_of_Event_Requestor')?['body/firstname']} @{outputs('Get_a_row_by_ID_-_Return_Contact_Record_of_Event_Requestor')?['body/lastname']},<br>\n<br>\n@{items('Apply_to_each_4')?['responder/displayName']} has rejected your event for @{triggerOutputs()?['body/pw_event']} on @{formatDateTime(parseDateTime(triggerOutputs()?['body/pw_proposedstartdateandtime']), 'MMMM d, yyyy h:mm tt', 'en-US')}.</p>",
                                "emailMessage/Importance": "Normal"
                              },
                              "authentication": "@parameters('$authentication')"
                            }
                          }
                        },
                        "runAfter": {
                          "Apply_to_each_-_apply_to_each_rejected_record_2": [
                            "Succeeded"
                          ]
                        },
                        "metadata": {
                          "operationMetadataId": "dbc241d4-bf27-4c4c-b280-f7af12e3414e"
                        },
                        "type": "Foreach"
                      }
                    }
                  },
                  "expression": {
                    "equals": [
                      "@outputs('Start_and_wait_for_initial_approval')?['body/outcome']",
                      "Approve"
                    ]
                  },
                  "metadata": {
                    "operationMetadataId": "e75a2d25-3bdf-4388-8cea-419aec25c544"
                  },
                  "type": "If"
                },
                "Get_a_row_by_ID_-_Return_Regional_Contact_Record_": {
                  "runAfter": {},
                  "metadata": {
                    "operationMetadataId": "ee883f43-10d6-4e31-9d2f-8ce7da25a597"
                  },
                  "type": "OpenApiConnection",
                  "inputs": {
                    "host": {
                      "connectionName": "shared_commondataserviceforapps",
                      "operationId": "GetItem",
                      "apiId": "/providers/Microsoft.PowerApps/apis/shared_commondataserviceforapps"
                    },
                    "parameters": {
                      "entityName": "contacts",
                      "recordId": "@triggerOutputs()?['body/_pw_regionalapprover_value']"
                    },
                    "authentication": "@parameters('$authentication')"
                  }
                },
                "Start_and_wait_for_initial_approval": {
                  "runAfter": {
                    "Get_a_row_by_ID_-_Return_Regional_Contact_Record_": [
                      "Succeeded"
                    ]
                  },
                  "metadata": {
                    "operationMetadataId": "7c04ed4f-a43a-4df8-80cc-c9aa057f53b7"
                  },
                  "type": "OpenApiConnectionWebhook",
                  "inputs": {
                    "host": {
                      "connectionName": "shared_approvals",
                      "operationId": "StartAndWaitForAnApproval",
                      "apiId": "/providers/Microsoft.PowerApps/apis/shared_approvals"
                    },
                    "parameters": {
                      "approvalType": "Basic",
                      "WebhookApprovalCreationInput/title": "@{outputs('Get_manager_(V2)')?['body/displayName']} A New Event Request Needs Your Attention",
                      "WebhookApprovalCreationInput/assignedTo": "@{outputs('Get_manager_(V2)')?['body/mail']};",
                      "WebhookApprovalCreationInput/details": " A new event has been requested for approval from @{outputs('Get_a_row_by_ID_-_Return_Contact_Record_of_Event_Requestor')?['body/firstname']} @{outputs('Get_a_row_by_ID_-_Return_Contact_Record_of_Event_Requestor')?['body/lastname']}.\n\nHere are some details of the event request.\n\nEvent: @{triggerOutputs()?['body/pw_event']}\n\nEvent description: @{triggerOutputs()?['body/pw_eventdescription']}\n\nProposed Start Date and Time:  @{formatDateTime(parseDateTime(triggerOutputs()?['body/pw_proposedstartdateandtime']), 'MMMM d, yyyy h:mm tt', 'en-US')}\n\n\nProposed End Date and Time: @{formatDateTime(parseDateTime(triggerOutputs()?['body/pw_proposedenddateandtime']), 'MMMM d, yyyy h:mm tt', 'en-US')}\n\nIf approved, a follow up approval will be sent to  @{outputs('Get_a_row_by_ID_-_Return_Regional_Contact_Record_')?['body/firstname']}@{outputs('Get_a_row_by_ID_-_Return_Regional_Contact_Record_')?['body/lastname']}",
                      "WebhookApprovalCreationInput/requestor": "@{outputs('Get_a_row_by_ID_-_Return_Contact_Record_of_Event_Requestor')?['body/emailaddress1']};",
                      "WebhookApprovalCreationInput/enableNotifications": true,
                      "WebhookApprovalCreationInput/enableReassignment": true
                    },
                    "authentication": "@parameters('$authentication')"
                  },
                  "description": "Start Date --> formatDateTime(parseDateTime(triggerOutputs()?['body/pw_proposedstartdateandtime']), 'MMMM d, yyyy h:mm tt', 'en-US')"
                }
              },
              "runAfter": {},
              "metadata": {
                "operationMetadataId": "7693dfed-1dc1-4792-93e7-6a3e2dfb9b63"
              },
              "type": "Scope"
            }
          },
          "runAfter": {
            "Get_manager_(V2)": [
              "Succeeded"
            ]
          },
          "else": {
            "actions": {
              "Scope_-_Only_One_Approval_Needed": {
                "actions": {
                  "Start_and_wait_for_an_approval": {
                    "runAfter": {},
                    "metadata": {
                      "operationMetadataId": "7c04ed4f-a43a-4df8-80cc-c9aa057f53b7"
                    },
                    "type": "OpenApiConnectionWebhook",
                    "inputs": {
                      "host": {
                        "connectionName": "shared_approvals",
                        "operationId": "StartAndWaitForAnApproval",
                        "apiId": "/providers/Microsoft.PowerApps/apis/shared_approvals"
                      },
                      "parameters": {
                        "approvalType": "Basic",
                        "WebhookApprovalCreationInput/title": "@{outputs('Get_manager_(V2)')?['body/displayName']} A New Event Request Needs Your Attention",
                        "WebhookApprovalCreationInput/assignedTo": "@{outputs('Get_manager_(V2)')?['body/mail']};",
                        "WebhookApprovalCreationInput/details": "A new event has been requested for approval from @{outputs('Get_a_row_by_ID_-_Return_Contact_Record_of_Event_Requestor')?['body/firstname']} @{outputs('Get_a_row_by_ID_-_Return_Contact_Record_of_Event_Requestor')?['body/lastname']}.\n\nHere are some details of the event request.\n\nEvent: @{triggerOutputs()?['body/pw_event']}\n\nEvent description: @{triggerOutputs()?['body/pw_eventdescription']}\n\nProposed Start Date and Time:  @{formatDateTime(parseDateTime(triggerOutputs()?['body/pw_proposedstartdateandtime']), 'MMMM d, yyyy h:mm tt', 'en-US')}\n\n\nProposed End Date and Time: @{formatDateTime(parseDateTime(triggerOutputs()?['body/pw_proposedenddateandtime']), 'MMMM d, yyyy h:mm tt', 'en-US')}",
                        "WebhookApprovalCreationInput/requestor": "@{outputs('Get_a_row_by_ID_-_Return_Contact_Record_of_Event_Requestor')?['body/emailaddress1']};",
                        "WebhookApprovalCreationInput/enableNotifications": true,
                        "WebhookApprovalCreationInput/enableReassignment": true
                      },
                      "authentication": "@parameters('$authentication')"
                    },
                    "description": "Start Date --> formatDateTime(parseDateTime(triggerOutputs()?['body/pw_proposedstartdateandtime']), 'MMMM d, yyyy h:mm tt', 'en-US')"
                  },
                  "Condition_-_Check_Approval_Outcome": {
                    "actions": {
                      "Apply_to_each_-_apply_to_each_approved_record": {
                        "foreach": "@outputs('Start_and_wait_for_an_approval')?['body/responses']",
                        "actions": {
                          "Update_a_row_-_Update_Event_Status_To_Approved": {
                            "runAfter": {},
                            "metadata": {
                              "operationMetadataId": "00b3bc5e-770c-4bb9-a3cb-53e896f3d8d6"
                            },
                            "type": "OpenApiConnection",
                            "inputs": {
                              "host": {
                                "connectionName": "shared_commondataserviceforapps",
                                "operationId": "UpdateRecord",
                                "apiId": "/providers/Microsoft.PowerApps/apis/shared_commondataserviceforapps"
                              },
                              "parameters": {
                                "entityName": "pw_eventrequests",
                                "recordId": "@triggerOutputs()?['body/pw_eventrequestid']",
                                "item/pw_approvalcomments": "@items('Apply_to_each_-_apply_to_each_approved_record')?['comments']",
                                "item/pw_approvaldate": "@outputs('Start_and_wait_for_an_approval')?['body/completionDate']",
                                "item/pw_eventstatus": 125670002
                              },
                              "authentication": "@parameters('$authentication')"
                            }
                          }
                        },
                        "runAfter": {},
                        "metadata": {
                          "operationMetadataId": "9bdd086b-67bc-4d77-94e2-18631e79ece1"
                        },
                        "type": "Foreach"
                      },
                      "Apply_to_each": {
                        "foreach": "@outputs('Start_and_wait_for_an_approval')?['body/responses']",
                        "actions": {
                          "Send_an_email_(V2)": {
                            "runAfter": {},
                            "metadata": {
                              "operationMetadataId": "8d4177e9-9eb1-4b67-887b-f820667c1de6"
                            },
                            "type": "OpenApiConnection",
                            "inputs": {
                              "host": {
                                "connectionName": "shared_office365",
                                "operationId": "SendEmailV2",
                                "apiId": "/providers/Microsoft.PowerApps/apis/shared_office365"
                              },
                              "parameters": {
                                "emailMessage/To": "@outputs('Get_a_row_by_ID_-_Return_Contact_Record_of_Event_Requestor')?['body/emailaddress1']",
                                "emailMessage/Subject": "Your Event Was Approved",
                                "emailMessage/Body": "<p>Dear @{outputs('Get_a_row_by_ID_-_Return_Contact_Record_of_Event_Requestor')?['body/firstname']} @{outputs('Get_a_row_by_ID_-_Return_Contact_Record_of_Event_Requestor')?['body/lastname']},<br>\n<br>\n@{items('Apply_to_each')?['responder/displayName']} has approved your event for @{triggerOutputs()?['body/pw_event']} on @{formatDateTime(parseDateTime(triggerOutputs()?['body/pw_proposedstartdateandtime']), 'MMMM d, yyyy h:mm tt', 'en-US')}.</p>",
                                "emailMessage/Importance": "Normal"
                              },
                              "authentication": "@parameters('$authentication')"
                            }
                          }
                        },
                        "runAfter": {
                          "Apply_to_each_-_apply_to_each_approved_record": [
                            "Succeeded"
                          ]
                        },
                        "metadata": {
                          "operationMetadataId": "f60d9c80-da70-4a6f-85c3-542f3a3be721"
                        },
                        "type": "Foreach"
                      }
                    },
                    "runAfter": {
                      "Start_and_wait_for_an_approval": [
                        "Succeeded"
                      ]
                    },
                    "else": {
                      "actions": {
                        "Apply_to_each_-_apply_to_each_rejected_record": {
                          "foreach": "@outputs('Start_and_wait_for_an_approval')?['body/responses']",
                          "actions": {
                            "Update_a_row_-_Update_Event_Status_To_Rejectd": {
                              "runAfter": {},
                              "metadata": {
                                "operationMetadataId": "b3da8bcd-d121-45b2-86aa-bb6818fd0175"
                              },
                              "type": "OpenApiConnection",
                              "inputs": {
                                "host": {
                                  "connectionName": "shared_commondataserviceforapps",
                                  "operationId": "UpdateRecord",
                                  "apiId": "/providers/Microsoft.PowerApps/apis/shared_commondataserviceforapps"
                                },
                                "parameters": {
                                  "entityName": "pw_eventrequests",
                                  "recordId": "@triggerOutputs()?['body/pw_eventrequestid']",
                                  "item/pw_approvalcomments": "@items('Apply_to_each_-_apply_to_each_rejected_record')?['comments']",
                                  "item/pw_approvaldate": "@outputs('Start_and_wait_for_an_approval')?['body/completionDate']",
                                  "item/pw_eventstatus": 125670003
                                },
                                "authentication": "@parameters('$authentication')"
                              }
                            }
                          },
                          "runAfter": {},
                          "metadata": {
                            "operationMetadataId": "568c8e6a-33d6-473d-b9a9-0404962a66af"
                          },
                          "type": "Foreach"
                        },
                        "Apply_to_each_2": {
                          "foreach": "@outputs('Start_and_wait_for_an_approval')?['body/responses']",
                          "actions": {
                            "Send_an_email_(V2)_2": {
                              "runAfter": {},
                              "metadata": {
                                "operationMetadataId": "c4a95230-843b-4bc9-aed1-407cbbec0d85"
                              },
                              "type": "OpenApiConnection",
                              "inputs": {
                                "host": {
                                  "connectionName": "shared_office365",
                                  "operationId": "SendEmailV2",
                                  "apiId": "/providers/Microsoft.PowerApps/apis/shared_office365"
                                },
                                "parameters": {
                                  "emailMessage/To": "@outputs('Get_a_row_by_ID_-_Return_Contact_Record_of_Event_Requestor')?['body/emailaddress1']",
                                  "emailMessage/Subject": "Your Event Was Rejected",
                                  "emailMessage/Body": "<p>Dear @{outputs('Get_a_row_by_ID_-_Return_Contact_Record_of_Event_Requestor')?['body/firstname']} @{outputs('Get_a_row_by_ID_-_Return_Contact_Record_of_Event_Requestor')?['body/lastname']},<br>\n<br>\n@{items('Apply_to_each_2')?['responder/displayName']} has rejected your event for @{triggerOutputs()?['body/pw_event']} on @{formatDateTime(parseDateTime(triggerOutputs()?['body/pw_proposedstartdateandtime']), 'MMMM d, yyyy h:mm tt', 'en-US')}.</p>",
                                  "emailMessage/Importance": "Normal"
                                },
                                "authentication": "@parameters('$authentication')"
                              }
                            }
                          },
                          "runAfter": {
                            "Apply_to_each_-_apply_to_each_rejected_record": [
                              "Succeeded"
                            ]
                          },
                          "metadata": {
                            "operationMetadataId": "dbc241d4-bf27-4c4c-b280-f7af12e3414e"
                          },
                          "type": "Foreach"
                        }
                      }
                    },
                    "expression": {
                      "equals": [
                        "@outputs('Start_and_wait_for_an_approval')?['body/outcome']",
                        "Approve"
                      ]
                    },
                    "metadata": {
                      "operationMetadataId": "e75a2d25-3bdf-4388-8cea-419aec25c544"
                    },
                    "type": "If"
                  }
                },
                "runAfter": {},
                "metadata": {
                  "operationMetadataId": "a70a7e25-74ae-4938-8d0d-c52a8dd2ba69"
                },
                "type": "Scope"
              }
            }
          },
          "expression": {
            "equals": [
              "@triggerOutputs()?['body/pw_regionalapprovalrequired']",
              true
            ]
          },
          "metadata": {
            "operationMetadataId": "5959ec8a-836c-4433-81a3-0b175c035a1a"
          },
          "type": "If"
        }
      }
    },
    "templateName": ""
  },
  "schemaVersion": "1.0.0.0"
}